{"cameraMode":{"drawMode":0,"name":"Shaded","section":"Shading Mode"},"sceneLighting":true,"audioPlay":false,"sceneViewState":{"showFog":true,"showMaterialUpdate":false,"showSkybox":true,"showFlares":true,"showImageEffects":true,"showParticleSystems":true},"in2DMode":false,"pivot":{"x":0.07859654724597931,"y":0.002809596247971058,"z":-0.002671182155609131},"rotation":{"x":0.6908882260322571,"y":0.014094427227973938,"z":-0.01347403321415186,"w":0.7226991057395935},"size":0.1704149842262268,"orthographic":true}